Method,Detection_Failed,Percentage_Failed
CMEM,1,0.029411764705882353
Power Water,12,0.35294117647058826
AllPrep DNA,10,0.29411764705882354
